character_name,character_url
"""Soo-Soo""",https://dune.fandom.com/wiki/%22Soo-Soo%22
Albert Atreides,https://dune.fandom.com/wiki/Albert_Atreides
Alia Atreides/1984 film,https://dune.fandom.com/wiki/Alia_Atreides/1984_film
Alia Atreides/2000 miniseries,https://dune.fandom.com/wiki/Alia_Atreides/2000_miniseries
Alia Atreides/2021 film,https://dune.fandom.com/wiki/Alia_Atreides/2021_film
Aman Wutin,https://dune.fandom.com/wiki/Aman_Wutin
Anirul,https://dune.fandom.com/wiki/Anirul
Aramsham/2000 miniseries,https://dune.fandom.com/wiki/Aramsham/2000_miniseries
Arjen Gates,https://dune.fandom.com/wiki/Arjen_Gates
Assan Tariq/2000 miniseries,https://dune.fandom.com/wiki/Assan_Tariq/2000_miniseries
Avila,https://dune.fandom.com/wiki/Avila
Baron Yaoufirks,https://dune.fandom.com/wiki/Baron_Yaoufirks
Baron's Doctor,https://dune.fandom.com/wiki/Baron%27s_Doctor
Bijaz/2000 miniseries,https://dune.fandom.com/wiki/Bijaz/2000_miniseries
Bordanos,https://dune.fandom.com/wiki/Bordanos
Chalice Corrino/XD,https://dune.fandom.com/wiki/Chalice_Corrino/XD
Chani Kynes/1984 film,https://dune.fandom.com/wiki/Chani_Kynes/1984_film
Chani Kynes/2000 miniseries,https://dune.fandom.com/wiki/Chani_Kynes/2000_miniseries
Characters,https://dune.fandom.com/wiki/Characters
Constantine Corrino,https://dune.fandom.com/wiki/Constantine_Corrino
Category:Cut Characters,https://dune.fandom.com/wiki/Category:Cut_Characters
Czigo,https://dune.fandom.com/wiki/Czigo
Czigo/1984 film,https://dune.fandom.com/wiki/Czigo/1984_film
Czigo/2021 film,https://dune.fandom.com/wiki/Czigo/2021_film
Daniel,https://dune.fandom.com/wiki/Daniel
Daniel/XD,https://dune.fandom.com/wiki/Daniel/XD
Desmond Hart,https://dune.fandom.com/wiki/Desmond_Hart
Dorotea/2021 film,https://dune.fandom.com/wiki/Dorotea/2021_film
Duncan Idaho/1984 film,https://dune.fandom.com/wiki/Duncan_Idaho/1984_film
Duncan Idaho/2000 miniseries,https://dune.fandom.com/wiki/Duncan_Idaho/2000_miniseries
Duncan Idaho/2021 film,https://dune.fandom.com/wiki/Duncan_Idaho/2021_film
Duri,https://dune.fandom.com/wiki/Duri
Edric/2000 miniseries,https://dune.fandom.com/wiki/Edric/2000_miniseries
Egan Saar,https://dune.fandom.com/wiki/Egan_Saar
Elba,https://dune.fandom.com/wiki/Elba
Elrood Corrino IX/2021 film,https://dune.fandom.com/wiki/Elrood_Corrino_IX/2021_film
Elrood VI,https://dune.fandom.com/wiki/Elrood_VI
Emeline,https://dune.fandom.com/wiki/Emeline
Ennzyn,https://dune.fandom.com/wiki/Ennzyn
Erik III,https://dune.fandom.com/wiki/Erik_III
Esmar Tuek/2000 miniseries,https://dune.fandom.com/wiki/Esmar_Tuek/2000_miniseries
Evgeny Harkonnen,https://dune.fandom.com/wiki/Evgeny_Harkonnen
Falra,https://dune.fandom.com/wiki/Falra
Farad'n Corrino/2000 miniseries,https://dune.fandom.com/wiki/Farad%27n_Corrino/2000_miniseries
Farok's son/2000 miniseries,https://dune.fandom.com/wiki/Farok%27s_son/2000_miniseries
Farok/2000 miniseries,https://dune.fandom.com/wiki/Farok/2000_miniseries
Farouz,https://dune.fandom.com/wiki/Farouz
Farrah,https://dune.fandom.com/wiki/Farrah
Category:Female characters,https://dune.fandom.com/wiki/Category:Female_characters
Ferdinand Richese,https://dune.fandom.com/wiki/Ferdinand_Richese
Feyd-Rautha Harkonnen/1984 film,https://dune.fandom.com/wiki/Feyd-Rautha_Harkonnen/1984_film
Feyd-Rautha Harkonnen/2000 miniseries,https://dune.fandom.com/wiki/Feyd-Rautha_Harkonnen/2000_miniseries
Feyd-Rautha Harkonnen/2021 film,https://dune.fandom.com/wiki/Feyd-Rautha_Harkonnen/2021_film
Francesca,https://dune.fandom.com/wiki/Francesca
Gaius Helen Mohiam/1984 film,https://dune.fandom.com/wiki/Gaius_Helen_Mohiam/1984_film
Gaius Helen Mohiam/2000 miniseries,https://dune.fandom.com/wiki/Gaius_Helen_Mohiam/2000_miniseries
Category:Characters by gender,https://dune.fandom.com/wiki/Category:Characters_by_gender
Georad,https://dune.fandom.com/wiki/Georad
Ghadhean al-Fali/2000 miniseries,https://dune.fandom.com/wiki/Ghadhean_al-Fali/2000_miniseries
Ghanima Atreides/2000 miniseries,https://dune.fandom.com/wiki/Ghanima_Atreides/2000_miniseries
Ghanima Atreides/2021 film,https://dune.fandom.com/wiki/Ghanima_Atreides/2021_film
Category:Gholas,https://dune.fandom.com/wiki/Category:Gholas
Glossu Rabban/1984 film,https://dune.fandom.com/wiki/Glossu_Rabban/1984_film
Glossu Rabban/2000 miniseries,https://dune.fandom.com/wiki/Glossu_Rabban/2000_miniseries
Glossu Rabban/2021 film,https://dune.fandom.com/wiki/Glossu_Rabban/2021_film
Griffin Harkonnen/2021 film,https://dune.fandom.com/wiki/Griffin_Harkonnen/2021_film
Grix Dardik,https://dune.fandom.com/wiki/Grix_Dardik
Gurney Halleck/1984 film,https://dune.fandom.com/wiki/Gurney_Halleck/1984_film
Gurney Halleck/2000 miniseries,https://dune.fandom.com/wiki/Gurney_Halleck/2000_miniseries
Gurney Halleck/2021 film,https://dune.fandom.com/wiki/Gurney_Halleck/2021_film
Haker,https://dune.fandom.com/wiki/Haker
Harah/1984 film,https://dune.fandom.com/wiki/Harah/1984_film
Valya Harkonnen/2021 film,https://dune.fandom.com/wiki/Valya_Harkonnen/2021_film
Harrow Harkonnen,https://dune.fandom.com/wiki/Harrow_Harkonnen
Hasimir Fenring/2000 miniseries,https://dune.fandom.com/wiki/Hasimir_Fenring/2000_miniseries
Herald of the Change,https://dune.fandom.com/wiki/Herald_of_the_Change
Horace,https://dune.fandom.com/wiki/Horace
Human Spider,https://dune.fandom.com/wiki/Human_Spider
Iakin Nefud/1984 film,https://dune.fandom.com/wiki/Iakin_Nefud/1984_film
Category:Images of characters,https://dune.fandom.com/wiki/Category:Images_of_characters
Category:Individuals,https://dune.fandom.com/wiki/Category:Individuals
Irulan Corrino/1984 film,https://dune.fandom.com/wiki/Irulan_Corrino/1984_film
Irulan Corrino/2000 miniseries,https://dune.fandom.com/wiki/Irulan_Corrino/2000_miniseries
Irulan Corrino/2021 film,https://dune.fandom.com/wiki/Irulan_Corrino/2021_film
Jamis/1984 film,https://dune.fandom.com/wiki/Jamis/1984_film
Jamis/2000 miniseries,https://dune.fandom.com/wiki/Jamis/2000_miniseries
Jamis/2021 film,https://dune.fandom.com/wiki/Jamis/2021_film
Javicco Corrino,https://dune.fandom.com/wiki/Javicco_Corrino
Javicco Corrino/2021 film,https://dune.fandom.com/wiki/Javicco_Corrino/2021_film
Jen,https://dune.fandom.com/wiki/Jen
Jesse Linkam,https://dune.fandom.com/wiki/Jesse_Linkam
Jessica Atreides/1984 film,https://dune.fandom.com/wiki/Jessica_Atreides/1984_film
Jessica Atreides/2000 miniseries,https://dune.fandom.com/wiki/Jessica_Atreides/2000_miniseries
Jessica Atreides/2021 film,https://dune.fandom.com/wiki/Jessica_Atreides/2021_film
Category:Characters by job,https://dune.fandom.com/wiki/Category:Characters_by_job
Kaleff/1984 film,https://dune.fandom.com/wiki/Kaleff/1984_film
Kasha Jinjo,https://dune.fandom.com/wiki/Kasha_Jinjo
Keiran Atreides,https://dune.fandom.com/wiki/Keiran_Atreides
Kieuemo,https://dune.fandom.com/wiki/Kieuemo
Kinet,https://dune.fandom.com/wiki/Kinet
Kinet/1984 film,https://dune.fandom.com/wiki/Kinet/1984_film
Kinet/2021 film,https://dune.fandom.com/wiki/Kinet/2021_film
Korba/1984 film,https://dune.fandom.com/wiki/Korba/1984_film
Korba/2000 miniseries,https://dune.fandom.com/wiki/Korba/2000_miniseries
Lady Hagal/2021 film,https://dune.fandom.com/wiki/Lady_Hagal/2021_film
Ledden Pook,https://dune.fandom.com/wiki/Ledden_Pook
Leto Atreides I/1984 film,https://dune.fandom.com/wiki/Leto_Atreides_I/1984_film
Leto Atreides I/2000 miniseries,https://dune.fandom.com/wiki/Leto_Atreides_I/2000_miniseries
Leto Atreides I/2021 film,https://dune.fandom.com/wiki/Leto_Atreides_I/2021_film
Leto Atreides II the Elder/2000 miniseries,https://dune.fandom.com/wiki/Leto_Atreides_II_the_Elder/2000_miniseries
Leto Atreides II/2000 miniseries,https://dune.fandom.com/wiki/Leto_Atreides_II/2000_miniseries
Leto Atreides II/2021 film,https://dune.fandom.com/wiki/Leto_Atreides_II/2021_film
Lichna/2000 miniseries,https://dune.fandom.com/wiki/Lichna/2000_miniseries
Liet-Kynes/1984 film,https://dune.fandom.com/wiki/Liet-Kynes/1984_film
Liet-Kynes/2000 miniseries,https://dune.fandom.com/wiki/Liet-Kynes/2000_miniseries
Liet-Kynes/2021 film,https://dune.fandom.com/wiki/Liet-Kynes/2021_film
Lila,https://dune.fandom.com/wiki/Lila
Lingar Bewt,https://dune.fandom.com/wiki/Lingar_Bewt
Lingar Bewt/2000 miniseries,https://dune.fandom.com/wiki/Lingar_Bewt/2000_miniseries
Lord Hagal/2021 film,https://dune.fandom.com/wiki/Lord_Hagal/2021_film
Category:Male characters,https://dune.fandom.com/wiki/Category:Male_characters
Manri,https://dune.fandom.com/wiki/Manri
Maometh,https://dune.fandom.com/wiki/Maometh
Mapes/1984 film,https://dune.fandom.com/wiki/Mapes/1984_film
Mapes/2000 miniseries,https://dune.fandom.com/wiki/Mapes/2000_miniseries
Mapes/2021 film,https://dune.fandom.com/wiki/Mapes/2021_film
Margot Fenring/2021 film,https://dune.fandom.com/wiki/Margot_Fenring/2021_film
Martin,https://dune.fandom.com/wiki/Martin
Marty,https://dune.fandom.com/wiki/Marty
Marty/XD,https://dune.fandom.com/wiki/Marty/XD
Mikaela,https://dune.fandom.com/wiki/Mikaela
Muriz/2000 miniseries,https://dune.fandom.com/wiki/Muriz/2000_miniseries
Namri/2000 miniseries,https://dune.fandom.com/wiki/Namri/2000_miniseries
Natalya Arat Corrino,https://dune.fandom.com/wiki/Natalya_Arat_Corrino
Category:Characters by nationality,https://dune.fandom.com/wiki/Category:Characters_by_nationality
Nazir,https://dune.fandom.com/wiki/Nazir
Neshou,https://dune.fandom.com/wiki/Neshou
Nine Historians,https://dune.fandom.com/wiki/Nine_Historians
Orla Richese,https://dune.fandom.com/wiki/Orla_Richese
Orlop/1984 film,https://dune.fandom.com/wiki/Orlop/1984_film
Orry Atreides/2021 film,https://dune.fandom.com/wiki/Orry_Atreides/2021_film
Otheym/1984 film,https://dune.fandom.com/wiki/Otheym/1984_film
Otheym/2000 miniseries,https://dune.fandom.com/wiki/Otheym/2000_miniseries
Palimbasha/2000 miniseries,https://dune.fandom.com/wiki/Palimbasha/2000_miniseries
Pardee,https://dune.fandom.com/wiki/Pardee
Paul Atreides/1984 film,https://dune.fandom.com/wiki/Paul_Atreides/1984_film
Paul Atreides/2000 miniseries,https://dune.fandom.com/wiki/Paul_Atreides/2000_miniseries
Paul Atreides/2021 film,https://dune.fandom.com/wiki/Paul_Atreides/2021_film
Piter de Vries/1984 film,https://dune.fandom.com/wiki/Piter_de_Vries/1984_film
Piter de Vries/2000 miniseries,https://dune.fandom.com/wiki/Piter_de_Vries/2000_miniseries
Category:Characters by planet,https://dune.fandom.com/wiki/Category:Characters_by_planet
Pruwet Richese,https://dune.fandom.com/wiki/Pruwet_Richese
Quintinius Violet Chenoeh/DE,https://dune.fandom.com/wiki/Quintinius_Violet_Chenoeh/DE
Rakeel Ibaman,https://dune.fandom.com/wiki/Rakeel_Ibaman
Ramallo/1984 film,https://dune.fandom.com/wiki/Ramallo/1984_film
Ramallo/2000 miniseries,https://dune.fandom.com/wiki/Ramallo/2000_miniseries
Ramallo/2021 film,https://dune.fandom.com/wiki/Ramallo/2021_film
Raquella Berto-Anirul/2021 film,https://dune.fandom.com/wiki/Raquella_Berto-Anirul/2021_film
Rendik Tolu-Far,https://dune.fandom.com/wiki/Rendik_Tolu-Far
Rheinvar,https://dune.fandom.com/wiki/Rheinvar
Ronan Atreides,https://dune.fandom.com/wiki/Ronan_Atreides
Sabiha/2000 miniseries,https://dune.fandom.com/wiki/Sabiha/2000_miniseries
Sabit Rekush,https://dune.fandom.com/wiki/Sabit_Rekush
Saluso VIII,https://dune.fandom.com/wiki/Saluso_VIII
Scytale/2000 miniseries,https://dune.fandom.com/wiki/Scytale/2000_miniseries
Second Muhammad,https://dune.fandom.com/wiki/Second_Muhammad
Shaddam Corrino IV/1984 film,https://dune.fandom.com/wiki/Shaddam_Corrino_IV/1984_film
Shaddam Corrino IV/2000 miniseries,https://dune.fandom.com/wiki/Shaddam_Corrino_IV/2000_miniseries
Shaddam Corrino IV/2021 film,https://dune.fandom.com/wiki/Shaddam_Corrino_IV/2021_film
Shamir/2021 film,https://dune.fandom.com/wiki/Shamir/2021_film
Shander Atreides/2021 film,https://dune.fandom.com/wiki/Shander_Atreides/2021_film
Shannon Richese,https://dune.fandom.com/wiki/Shannon_Richese
Shay Vendee,https://dune.fandom.com/wiki/Shay_Vendee
Sheset VII,https://dune.fandom.com/wiki/Sheset_VII
Shishakli/2021 film,https://dune.fandom.com/wiki/Shishakli/2021_film
Sigan Visee,https://dune.fandom.com/wiki/Sigan_Visee
Sonya Harkonnen/2021 film,https://dune.fandom.com/wiki/Sonya_Harkonnen/2021_film
Stilgar/1984 film,https://dune.fandom.com/wiki/Stilgar/1984_film
Stilgar/2000 miniseries,https://dune.fandom.com/wiki/Stilgar/2000_miniseries
Tanat,https://dune.fandom.com/wiki/Tanat
Theodosia,https://dune.fandom.com/wiki/Theodosia
Thufir Hawat/1984 film,https://dune.fandom.com/wiki/Thufir_Hawat/1984_film
Thufir Hawat/2000 miniseries,https://dune.fandom.com/wiki/Thufir_Hawat/2000_miniseries
Tojan Gbangbala,https://dune.fandom.com/wiki/Tojan_Gbangbala
Tula Harkonnen/2021 film,https://dune.fandom.com/wiki/Tula_Harkonnen/2021_film
Turok/2000 miniseries,https://dune.fandom.com/wiki/Turok/2000_miniseries
Tyekanik/2000 miniseries,https://dune.fandom.com/wiki/Tyekanik/2000_miniseries
Umman Kudu,https://dune.fandom.com/wiki/Umman_Kudu
Category:Characters unique to adaptations,https://dune.fandom.com/wiki/Category:Characters_unique_to_adaptations
Unique Names and terms from the 1984 Dune Movie,https://dune.fandom.com/wiki/Unique_Names_and_terms_from_the_1984_Dune_Movie
Unique Characters from the Dune Collectible Card Game,https://dune.fandom.com/wiki/Unique_Characters_from_the_Dune_Collectible_Card_Game
Unique Names and terms from the 2000 Dune TV Miniseries,https://dune.fandom.com/wiki/Unique_Names_and_terms_from_the_2000_Dune_TV_Miniseries
Unique Names and terms from the Dune Encyclopedia,https://dune.fandom.com/wiki/Unique_Names_and_terms_from_the_Dune_Encyclopedia
Unique Names and terms from the Dune Imperium,https://dune.fandom.com/wiki/Unique_Names_and_terms_from_the_Dune_Imperium
Unique Names and terms from the Dune Role Playing Game,https://dune.fandom.com/wiki/Unique_Names_and_terms_from_the_Dune_Role_Playing_Game
Unnamed Characters,https://dune.fandom.com/wiki/Unnamed_Characters
Unnamed Descendant of Stilgar,https://dune.fandom.com/wiki/Unnamed_Descendant_of_Stilgar
Unnamed Minister-Companion,https://dune.fandom.com/wiki/Unnamed_Minister-Companion
Unnamed Spacing Guild Mentat,https://dune.fandom.com/wiki/Unnamed_Spacing_Guild_Mentat
Varota,https://dune.fandom.com/wiki/Varota
